PopName,Sex,Year,Age,mx,qx,ax,lx,dx,Lx,Tx,ex
HI,m,1960-1969,0,0.02367,0.02319,0.11,100000,2319,97933,7050101,70.50
HI,m,1960-1969,1,0.00133,0.00133,0.5,97681,130,97617,6952168,71.17
HI,m,1960-1969,2,0.00082,0.00082,0.5,97552,80,97512,6854551,70.27
HI,m,1960-1969,3,0.00063,0.00063,0.5,97472,61,97441,6757040,69.32
HI,m,1960-1969,4,0.00042,0.00042,0.5,97411,41,97390,6659598,68.37
HI,m,1960-1969,5,0.00056,0.00056,0.5,97369,54,97342,6562208,67.39
HI,m,1960-1969,6,0.00044,0.00044,0.5,97315,43,97294,6464866,66.43
HI,m,1960-1969,7,0.00048,0.00048,0.5,97272,47,97249,6367572,65.46
HI,m,1960-1969,8,0.00036,0.00036,0.5,97226,35,97208,6270323,64.49
HI,m,1960-1969,9,0.00032,0.00032,0.5,97190,31,97175,6173115,63.52
HI,m,1960-1969,10,0.00029,0.00029,0.5,97159,28,97145,6075941,62.54
HI,m,1960-1969,11,0.00041,0.00041,0.5,97131,40,97111,5978795,61.55
HI,m,1960-1969,12,0.00035,0.00035,0.5,97091,34,97074,5881684,60.58
HI,m,1960-1969,13,0.00050,0.00050,0.5,97058,48,97033,5784610,59.60
HI,m,1960-1969,14,0.00039,0.00039,0.5,97009,38,96990,5687576,58.63
HI,m,1960-1969,15,0.00068,0.00068,0.5,96971,66,96938,5590586,57.65
HI,m,1960-1969,16,0.00079,0.00079,0.5,96905,77,96867,5493648,56.69
HI,m,1960-1969,17,0.00105,0.00105,0.5,96828,102,96777,5396781,55.74
HI,m,1960-1969,18,0.00096,0.00096,0.5,96726,92,96680,5300004,54.79
HI,m,1960-1969,19,0.00120,0.00120,0.5,96634,116,96576,5203324,53.85
HI,m,1960-1969,20,0.00134,0.00134,0.5,96518,129,96453,5106748,52.91
HI,m,1960-1969,21,0.00096,0.00096,0.5,96389,93,96342,5010295,51.98
HI,m,1960-1969,22,0.00132,0.00132,0.5,96296,127,96232,4913953,51.03
HI,m,1960-1969,23,0.00128,0.00128,0.5,96169,123,96107,4817720,50.10
HI,m,1960-1969,24,0.00120,0.00120,0.5,96046,115,95988,4721613,49.16
HI,m,1960-1969,25,0.00097,0.00097,0.5,95931,93,95884,4625625,48.22
HI,m,1960-1969,26,0.00091,0.00091,0.5,95838,88,95794,4529740,47.26
HI,m,1960-1969,27,0.00146,0.00146,0.5,95750,140,95680,4433946,46.31
HI,m,1960-1969,28,0.00100,0.00100,0.5,95610,96,95562,4338266,45.37
HI,m,1960-1969,29,0.00118,0.00118,0.5,95515,113,95458,4242703,44.42
HI,m,1960-1969,30,0.00153,0.00153,0.5,95402,146,95329,4147245,43.47
HI,m,1960-1969,31,0.00112,0.00112,0.5,95256,106,95203,4051916,42.54
HI,m,1960-1969,32,0.00157,0.00157,0.5,95150,150,95075,3956713,41.58
HI,m,1960-1969,33,0.00167,0.00167,0.5,95000,159,94921,3861638,40.65
HI,m,1960-1969,34,0.00187,0.00187,0.5,94841,177,94753,3766718,39.72
HI,m,1960-1969,35,0.00166,0.00166,0.5,94664,157,94586,3671965,38.79
HI,m,1960-1969,36,0.00192,0.00191,0.5,94507,181,94417,3577379,37.85
HI,m,1960-1969,37,0.00197,0.00197,0.5,94326,185,94233,3482963,36.92
HI,m,1960-1969,38,0.00210,0.00210,0.5,94141,198,94042,3388729,36.00
HI,m,1960-1969,39,0.00281,0.00281,0.5,93943,264,93811,3294687,35.07
HI,m,1960-1969,40,0.00281,0.00281,0.5,93680,263,93548,3200876,34.17
HI,m,1960-1969,41,0.00292,0.00291,0.5,93416,272,93280,3107328,33.26
HI,m,1960-1969,42,0.00287,0.00287,0.5,93144,267,93011,3014048,32.36
HI,m,1960-1969,43,0.00373,0.00372,0.5,92877,346,92704,2921037,31.45
HI,m,1960-1969,44,0.00436,0.00435,0.5,92532,403,92330,2828333,30.57
HI,m,1960-1969,45,0.00449,0.00448,0.5,92129,413,91922,2736003,29.70
HI,m,1960-1969,46,0.00420,0.00419,0.5,91716,384,91524,2644080,28.83
HI,m,1960-1969,47,0.00525,0.00524,0.5,91332,478,91093,2552557,27.95
HI,m,1960-1969,48,0.00584,0.00583,0.5,90854,529,90589,2461464,27.09
HI,m,1960-1969,49,0.00644,0.00642,0.5,90324,579,90034,2370875,26.25
HI,m,1960-1969,50,0.00772,0.00769,0.5,89745,690,89400,2280841,25.41
HI,m,1960-1969,51,0.00816,0.00813,0.5,89054,724,88693,2191441,24.61
HI,m,1960-1969,52,0.00876,0.00872,0.5,88331,770,87946,2102749,23.81
HI,m,1960-1969,53,0.00998,0.00993,0.5,87560,869,87126,2014803,23.01
HI,m,1960-1969,54,0.01137,0.01130,0.5,86691,980,86201,1927677,22.24
HI,m,1960-1969,55,0.01140,0.01134,0.5,85711,972,85225,1841476,21.48
HI,m,1960-1969,56,0.01014,0.01009,0.5,84739,855,84312,1756251,20.73
HI,m,1960-1969,57,0.01406,0.01396,0.5,83884,1171,83299,1671939,19.93
HI,m,1960-1969,58,0.01463,0.01452,0.5,82713,1201,82113,1588640,19.21
HI,m,1960-1969,59,0.01515,0.01504,0.5,81512,1226,80899,1506528,18.48
HI,m,1960-1969,60,0.01826,0.01809,0.5,80286,1453,79560,1425629,17.76
HI,m,1960-1969,61,0.01757,0.01742,0.5,78833,1373,78147,1346069,17.07
HI,m,1960-1969,62,0.02086,0.02064,0.5,77460,1599,76660,1267923,16.37
HI,m,1960-1969,63,0.02108,0.02086,0.5,75861,1583,75069,1191263,15.70
HI,m,1960-1969,64,0.02444,0.02415,0.5,74278,1794,73381,1116193,15.03
HI,m,1960-1969,65,0.02899,0.02858,0.5,72484,2072,71449,1042812,14.39
HI,m,1960-1969,66,0.03013,0.02968,0.5,70413,2090,69368,971363,13.80
HI,m,1960-1969,67,0.03268,0.03215,0.5,68323,2197,67225,901995,13.20
HI,m,1960-1969,68,0.03447,0.03389,0.5,66127,2241,65006,834770,12.62
HI,m,1960-1969,69,0.03716,0.03648,0.5,63886,2331,62720,769764,12.05
HI,m,1960-1969,70,0.04531,0.04430,0.5,61555,2727,60191,707044,11.49
HI,m,1960-1969,71,0.04392,0.04298,0.5,58828,2528,57564,646852,11.00
HI,m,1960-1969,72,0.04855,0.04740,0.5,56299,2668,54965,589289,10.47
HI,m,1960-1969,73,0.05386,0.05245,0.5,53631,2813,52225,534323,9.96
HI,m,1960-1969,74,0.06569,0.06360,0.5,50818,3232,49202,482099,9.49
HI,m,1960-1969,75,0.06147,0.05963,0.5,47586,2838,46167,432897,9.10
HI,m,1960-1969,76,0.06999,0.06762,0.5,44748,3026,43235,386729,8.64
HI,m,1960-1969,77,0.07124,0.06879,0.5,41722,2870,40287,343494,8.23
HI,m,1960-1969,78,0.07593,0.07315,0.5,38852,2842,37431,303207,7.80
HI,m,1960-1969,79,0.08167,0.07847,0.5,36010,2826,34597,265776,7.38
HI,m,1960-1969,80,0.08765,0.08397,0.5,33185,2787,31791,231178,6.97
HI,m,1960-1969,81,0.09629,0.09187,0.5,30398,2793,29002,199387,6.56
HI,m,1960-1969,82,0.10568,0.10037,0.5,27605,2771,26220,170385,6.17
HI,m,1960-1969,83,0.11586,0.10952,0.5,24835,2720,23475,144165,5.81
HI,m,1960-1969,84,0.12689,0.11932,0.5,22115,2639,20795,120691,5.46
HI,m,1960-1969,85,0.13881,0.12980,0.5,19476,2528,18212,99895,5.13
HI,m,1960-1969,86,0.15165,0.14096,0.5,16948,2389,15753,81683,4.82
HI,m,1960-1969,87,0.16545,0.15281,0.5,14559,2225,13447,65930,4.53
HI,m,1960-1969,88,0.18024,0.16534,0.5,12334,2039,11315,52483,4.26
HI,m,1960-1969,89,0.19604,0.17854,0.5,10295,1838,9376,41169,4.00
HI,m,1960-1969,90,0.21286,0.19239,0.5,8457,1627,7643,31793,3.76
HI,m,1960-1969,91,0.23071,0.20685,0.5,6830,1413,6124,24150,3.54
HI,m,1960-1969,92,0.24959,0.22190,0.5,5417,1202,4816,18026,3.33
HI,m,1960-1969,93,0.26947,0.23748,0.5,4215,1001,3715,13210,3.13
HI,m,1960-1969,94,0.29032,0.25352,0.5,3214,815,2807,9495,2.95
HI,m,1960-1969,95,0.31210,0.26997,0.5,2399,648,2075,6689,2.79
HI,m,1960-1969,96,0.33474,0.28675,0.5,1752,502,1500,4613,2.63
HI,m,1960-1969,97,0.35816,0.30376,0.5,1249,379,1060,3113,2.49
HI,m,1960-1969,98,0.38229,0.32094,0.5,870,279,730,2053,2.36
HI,m,1960-1969,99,0.40700,0.33818,0.5,591,200,491,1323,2.24
HI,m,1960-1969,100,0.43220,0.35540,0.5,391,139,321,832,2.13
HI,m,1960-1969,101,0.45775,0.37250,0.5,252,94,205,511,2.03
HI,m,1960-1969,102,0.48353,0.38939,0.5,158,62,127,306,1.93
HI,m,1960-1969,103,0.50940,0.40599,0.5,97,39,77,179,1.85
HI,m,1960-1969,104,0.53521,0.42222,0.5,57,24,45,102,1.77
HI,m,1960-1969,105,0.56084,0.43801,0.5,33,15,26,56,1.70
HI,m,1960-1969,106,0.58615,0.45330,0.5,19,8,14,30,1.64
HI,m,1960-1969,107,0.61101,0.46802,0.5,10,5,8,16,1.58
HI,m,1960-1969,108,0.63530,0.48215,0.5,5,3,4,8,1.53
HI,m,1960-1969,109,0.65893,0.49563,0.5,3,1,2,4,1.49
HI,m,1960-1969,110+,0.68179,1.00000,1.47,1,1,2,2,1.47
HI,m,1970-1979,0,0.01586,0.01563,0.09,100000,1563,98574,7311503,73.12
HI,m,1970-1979,1,0.00092,0.00092,0.5,98437,90,98392,7212929,73.27
HI,m,1970-1979,2,0.00054,0.00054,0.5,98347,53,98320,7114537,72.34
HI,m,1970-1979,3,0.00053,0.00053,0.5,98294,52,98268,7016217,71.38
HI,m,1970-1979,4,0.00045,0.00045,0.5,98242,44,98219,6917949,70.42
HI,m,1970-1979,5,0.00042,0.00042,0.5,98197,41,98177,6819729,69.45
HI,m,1970-1979,6,0.00026,0.00026,0.5,98156,26,98143,6721553,68.48
HI,m,1970-1979,7,0.00029,0.00029,0.5,98130,29,98116,6623410,67.50
HI,m,1970-1979,8,0.00021,0.00021,0.5,98101,21,98091,6525294,66.52
HI,m,1970-1979,9,0.00025,0.00025,0.5,98080,25,98068,6427203,65.53
HI,m,1970-1979,10,0.00026,0.00026,0.5,98056,26,98043,6329135,64.55
HI,m,1970-1979,11,0.00028,0.00028,0.5,98030,28,98016,6231092,63.56
HI,m,1970-1979,12,0.00023,0.00023,0.5,98002,22,97991,6133076,62.58
HI,m,1970-1979,13,0.00028,0.00028,0.5,97980,28,97966,6035086,61.60
HI,m,1970-1979,14,0.00040,0.00040,0.5,97952,39,97932,5937120,60.61
HI,m,1970-1979,15,0.00064,0.00064,0.5,97913,63,97881,5839187,59.64
HI,m,1970-1979,16,0.00087,0.00087,0.5,97850,85,97808,5741306,58.67
HI,m,1970-1979,17,0.00110,0.00110,0.5,97765,107,97712,5643498,57.73
HI,m,1970-1979,18,0.00129,0.00129,0.5,97658,126,97595,5545787,56.79
HI,m,1970-1979,19,0.00156,0.00156,0.5,97532,152,97456,5448192,55.86
HI,m,1970-1979,20,0.00109,0.00109,0.5,97380,106,97327,5350736,54.95
HI,m,1970-1979,21,0.00118,0.00117,0.5,97274,114,97216,5253409,54.01
HI,m,1970-1979,22,0.00134,0.00134,0.5,97159,130,97094,5156193,53.07
HI,m,1970-1979,23,0.00125,0.00125,0.5,97029,122,96968,5059098,52.14
HI,m,1970-1979,24,0.00101,0.00100,0.5,96908,97,96859,4962130,51.20
HI,m,1970-1979,25,0.00147,0.00147,0.5,96810,142,96739,4865271,50.26
HI,m,1970-1979,26,0.00119,0.00119,0.5,96668,115,96610,4768532,49.33
HI,m,1970-1979,27,0.00153,0.00153,0.5,96553,147,96479,4671922,48.39
HI,m,1970-1979,28,0.00163,0.00163,0.5,96405,157,96326,4575443,47.46
HI,m,1970-1979,29,0.00148,0.00148,0.5,96248,143,96176,4479116,46.54
HI,m,1970-1979,30,0.00131,0.00131,0.5,96105,126,96042,4382940,45.61
HI,m,1970-1979,31,0.00149,0.00149,0.5,95979,143,95908,4286898,44.66
HI,m,1970-1979,32,0.00137,0.00137,0.5,95837,131,95771,4190990,43.73
HI,m,1970-1979,33,0.00152,0.00152,0.5,95706,145,95633,4095219,42.79
HI,m,1970-1979,34,0.00138,0.00137,0.5,95560,131,95495,3999586,41.85
HI,m,1970-1979,35,0.00135,0.00135,0.5,95429,129,95364,3904091,40.91
HI,m,1970-1979,36,0.00162,0.00162,0.5,95300,154,95223,3808727,39.97
HI,m,1970-1979,37,0.00188,0.00187,0.5,95146,178,95057,3713503,39.03
HI,m,1970-1979,38,0.00184,0.00184,0.5,94968,174,94881,3618447,38.10
HI,m,1970-1979,39,0.00225,0.00224,0.5,94793,213,94687,3523566,37.17
HI,m,1970-1979,40,0.00240,0.00240,0.5,94581,227,94467,3428879,36.25
HI,m,1970-1979,41,0.00245,0.00245,0.5,94354,231,94239,3334412,35.34
HI,m,1970-1979,42,0.00350,0.00350,0.5,94123,329,93959,3240173,34.42
HI,m,1970-1979,43,0.00290,0.00289,0.5,93794,272,93658,3146214,33.54
HI,m,1970-1979,44,0.00303,0.00303,0.5,93522,283,93381,3052556,32.64
HI,m,1970-1979,45,0.00390,0.00389,0.5,93239,363,93058,2959175,31.74
HI,m,1970-1979,46,0.00415,0.00414,0.5,92876,385,92684,2866118,30.86
HI,m,1970-1979,47,0.00521,0.00520,0.5,92492,481,92251,2773434,29.99
HI,m,1970-1979,48,0.00491,0.00490,0.5,92011,451,91785,2681182,29.14
HI,m,1970-1979,49,0.00576,0.00574,0.5,91560,526,91297,2589397,28.28
HI,m,1970-1979,50,0.00636,0.00634,0.5,91034,577,90745,2498100,27.44
HI,m,1970-1979,51,0.00708,0.00705,0.5,90457,638,90138,2407355,26.61
HI,m,1970-1979,52,0.00746,0.00743,0.5,89819,667,89485,2317217,25.80
HI,m,1970-1979,53,0.00820,0.00816,0.5,89152,728,88788,2227731,24.99
HI,m,1970-1979,54,0.00968,0.00963,0.5,88424,852,87998,2138944,24.19
HI,m,1970-1979,55,0.00922,0.00918,0.5,87572,804,87170,2050945,23.42
HI,m,1970-1979,56,0.01002,0.00997,0.5,86768,865,86336,1963775,22.63
HI,m,1970-1979,57,0.01132,0.01125,0.5,85903,967,85420,1877440,21.86
HI,m,1970-1979,58,0.01189,0.01182,0.5,84936,1004,84434,1792020,21.10
HI,m,1970-1979,59,0.01293,0.01285,0.5,83933,1078,83393,1707586,20.34
HI,m,1970-1979,60,0.01472,0.01462,0.5,82854,1211,82249,1624192,19.60
HI,m,1970-1979,61,0.01562,0.01550,0.5,81643,1266,81010,1541944,18.89
HI,m,1970-1979,62,0.01640,0.01627,0.5,80378,1308,79724,1460934,18.18
HI,m,1970-1979,63,0.01574,0.01562,0.5,79070,1235,78452,1381210,17.47
HI,m,1970-1979,64,0.02037,0.02017,0.5,77835,1570,77050,1302757,16.74
HI,m,1970-1979,65,0.02172,0.02149,0.5,76265,1639,75446,1225707,16.07
HI,m,1970-1979,66,0.02082,0.02060,0.5,74627,1537,73858,1150261,15.41
HI,m,1970-1979,67,0.02445,0.02415,0.5,73089,1765,72206,1076403,14.73
HI,m,1970-1979,68,0.02795,0.02757,0.5,71324,1966,70341,1004197,14.08
HI,m,1970-1979,69,0.02984,0.02940,0.5,69357,2039,68338,933856,13.46
HI,m,1970-1979,70,0.03439,0.03381,0.5,67318,2276,66180,865518,12.86
HI,m,1970-1979,71,0.03317,0.03263,0.5,65042,2122,63981,799338,12.29
HI,m,1970-1979,72,0.03738,0.03669,0.5,62920,2309,61766,735357,11.69
HI,m,1970-1979,73,0.04220,0.04133,0.5,60612,2505,59359,673591,11.11
HI,m,1970-1979,74,0.04634,0.04529,0.5,58106,2631,56791,614232,10.57
HI,m,1970-1979,75,0.05130,0.05002,0.5,55475,2775,54088,557441,10.05
HI,m,1970-1979,76,0.05475,0.05329,0.5,52700,2809,51296,503353,9.55
HI,m,1970-1979,77,0.06239,0.06050,0.5,49892,3018,48383,452057,9.06
HI,m,1970-1979,78,0.06406,0.06207,0.5,46873,2910,45419,403675,8.61
HI,m,1970-1979,79,0.06682,0.06466,0.5,43964,2843,42543,358256,8.15
HI,m,1970-1979,80,0.07559,0.07283,0.5,41121,2995,39624,315713,7.68
HI,m,1970-1979,81,0.08302,0.07971,0.5,38126,3039,36607,276090,7.24
HI,m,1970-1979,82,0.09112,0.08715,0.5,35087,3058,33558,239483,6.83
HI,m,1970-1979,83,0.09992,0.09517,0.5,32029,3048,30505,205925,6.43
HI,m,1970-1979,84,0.10947,0.10379,0.5,28981,3008,27477,175420,6.05
HI,m,1970-1979,85,0.11981,0.11304,0.5,25973,2936,24505,147942,5.70
HI,m,1970-1979,86,0.13099,0.12293,0.5,23037,2832,21621,123437,5.36
HI,m,1970-1979,87,0.14303,0.13348,0.5,20205,2697,18857,101816,5.04
HI,m,1970-1979,88,0.15599,0.14470,0.5,17508,2533,16241,82960,4.74
HI,m,1970-1979,89,0.16988,0.15658,0.5,14975,2345,13802,66718,4.46
HI,m,1970-1979,90,0.18474,0.16912,0.5,12630,2136,11562,52916,4.19
HI,m,1970-1979,91,0.20059,0.18231,0.5,10494,1913,9537,41354,3.94
HI,m,1970-1979,92,0.21744,0.19612,0.5,8581,1683,7739,31817,3.71
HI,m,1970-1979,93,0.23528,0.21052,0.5,6898,1452,6172,24078,3.49
HI,m,1970-1979,94,0.25412,0.22547,0.5,5446,1228,4832,17906,3.29
HI,m,1970-1979,95,0.27392,0.24092,0.5,4218,1016,3710,13074,3.10
HI,m,1970-1979,96,0.29465,0.25681,0.5,3202,822,2791,9364,2.92
HI,m,1970-1979,97,0.31627,0.27308,0.5,2380,650,2055,6573,2.76
HI,m,1970-1979,98,0.33871,0.28966,0.5,1730,501,1479,4519,2.61
HI,m,1970-1979,99,0.36191,0.30645,0.5,1229,377,1040,3040,2.47
HI,m,1970-1979,100,0.38576,0.32339,0.5,852,276,714,1999,2.35
HI,m,1970-1979,101,0.41018,0.34037,0.5,577,196,478,1285,2.23
HI,m,1970-1979,102,0.43505,0.35732,0.5,380,136,312,806,2.12
HI,m,1970-1979,103,0.46025,0.37415,0.5,244,91,199,494,2.02
HI,m,1970-1979,104,0.48565,0.39076,0.5,153,60,123,295,1.93
HI,m,1970-1979,105,0.51113,0.40709,0.5,93,38,74,172,1.85
HI,m,1970-1979,106,0.53655,0.42305,0.5,55,23,44,98,1.77
HI,m,1970-1979,107,0.56178,0.43859,0.5,32,14,25,54,1.71
HI,m,1970-1979,108,0.58670,0.45363,0.5,18,8,14,30,1.65
HI,m,1970-1979,109,0.61118,0.46812,0.5,10,5,7,16,1.60
HI,m,1970-1979,110+,0.63511,1.00000,1.57,5,5,8,8,1.57
HI,m,1980-1989,0,0.01040,0.01031,0.07,100000,1031,99045,7494525,74.95
HI,m,1980-1989,1,0.00077,0.00077,0.5,98969,76,98931,7395480,74.72
HI,m,1980-1989,2,0.00040,0.00040,0.5,98893,39,98874,7296549,73.78
HI,m,1980-1989,3,0.00039,0.00039,0.5,98854,39,98835,7197675,72.81
HI,m,1980-1989,4,0.00035,0.00035,0.5,98815,34,98798,7098841,71.84
HI,m,1980-1989,5,0.00028,0.00028,0.5,98781,28,98767,7000042,70.86
HI,m,1980-1989,6,0.00018,0.00018,0.5,98753,18,98744,6901275,69.88
HI,m,1980-1989,7,0.00025,0.00025,0.5,98735,24,98723,6802531,68.90
HI,m,1980-1989,8,0.00029,0.00029,0.5,98711,28,98697,6703808,67.91
HI,m,1980-1989,9,0.00018,0.00018,0.5,98683,18,98674,6605111,66.93
HI,m,1980-1989,10,0.00016,0.00016,0.5,98665,15,98657,6506437,65.94
HI,m,1980-1989,11,0.00024,0.00024,0.5,98649,24,98637,6407780,64.96
HI,m,1980-1989,12,0.00013,0.00013,0.5,98626,13,98619,6309143,63.97
HI,m,1980-1989,13,0.00035,0.00035,0.5,98613,34,98596,6210524,62.98
HI,m,1980-1989,14,0.00053,0.00053,0.5,98579,53,98552,6111928,62.00
HI,m,1980-1989,15,0.00052,0.00052,0.5,98526,51,98500,6013376,61.03
HI,m,1980-1989,16,0.00080,0.00080,0.5,98475,79,98435,5914875,60.07
HI,m,1980-1989,17,0.00077,0.00077,0.5,98396,76,98358,5816440,59.11
HI,m,1980-1989,18,0.00127,0.00127,0.5,98320,125,98257,5718082,58.16
HI,m,1980-1989,19,0.00115,0.00115,0.5,98195,113,98138,5619825,57.23
HI,m,1980-1989,20,0.00128,0.00128,0.5,98082,125,98019,5521687,56.30
HI,m,1980-1989,21,0.00133,0.00132,0.5,97957,130,97892,5423668,55.37
HI,m,1980-1989,22,0.00105,0.00105,0.5,97827,102,97776,5325776,54.44
HI,m,1980-1989,23,0.00116,0.00116,0.5,97725,113,97668,5228000,53.50
HI,m,1980-1989,24,0.00126,0.00126,0.5,97611,123,97550,5130332,52.56
HI,m,1980-1989,25,0.00132,0.00132,0.5,97488,129,97424,5032782,51.62
HI,m,1980-1989,26,0.00113,0.00113,0.5,97359,110,97304,4935358,50.69
HI,m,1980-1989,27,0.00130,0.00130,0.5,97249,126,97185,4838055,49.75
HI,m,1980-1989,28,0.00125,0.00125,0.5,97122,121,97062,4740869,48.81
HI,m,1980-1989,29,0.00107,0.00107,0.5,97001,104,96949,4643807,47.87
HI,m,1980-1989,30,0.00141,0.00141,0.5,96897,137,96829,4546858,46.92
HI,m,1980-1989,31,0.00124,0.00124,0.5,96761,120,96701,4450029,45.99
HI,m,1980-1989,32,0.00153,0.00153,0.5,96641,148,96567,4353328,45.05
HI,m,1980-1989,33,0.00151,0.00151,0.5,96493,146,96420,4256762,44.11
HI,m,1980-1989,34,0.00140,0.00140,0.5,96347,135,96279,4160342,43.18
HI,m,1980-1989,35,0.00146,0.00146,0.5,96211,140,96141,4064063,42.24
HI,m,1980-1989,36,0.00165,0.00165,0.5,96071,159,95992,3967922,41.30
HI,m,1980-1989,37,0.00188,0.00188,0.5,95913,180,95823,3871930,40.37
HI,m,1980-1989,38,0.00179,0.00178,0.5,95733,171,95647,3776108,39.44
HI,m,1980-1989,39,0.00189,0.00189,0.5,95562,181,95471,3680460,38.51
HI,m,1980-1989,40,0.00205,0.00205,0.5,95381,196,95283,3584989,37.59
HI,m,1980-1989,41,0.00215,0.00215,0.5,95185,205,95083,3489706,36.66
HI,m,1980-1989,42,0.00270,0.00270,0.5,94980,256,94852,3394623,35.74
HI,m,1980-1989,43,0.00266,0.00265,0.5,94724,251,94599,3299770,34.84
HI,m,1980-1989,44,0.00316,0.00316,0.5,94473,298,94324,3205172,33.93
HI,m,1980-1989,45,0.00294,0.00294,0.5,94175,277,94036,3110848,33.03
HI,m,1980-1989,46,0.00364,0.00363,0.5,93898,341,93727,3016812,32.13
HI,m,1980-1989,47,0.00388,0.00387,0.5,93557,362,93376,2923084,31.24
HI,m,1980-1989,48,0.00473,0.00472,0.5,93195,440,92975,2829709,30.36
HI,m,1980-1989,49,0.00489,0.00487,0.5,92755,452,92529,2736734,29.51
HI,m,1980-1989,50,0.00490,0.00489,0.5,92303,451,92077,2644205,28.65
HI,m,1980-1989,51,0.00613,0.00611,0.5,91851,561,91570,2552128,27.79
HI,m,1980-1989,52,0.00671,0.00669,0.5,91290,611,90985,2460558,26.95
HI,m,1980-1989,53,0.00684,0.00682,0.5,90679,618,90370,2369573,26.13
HI,m,1980-1989,54,0.00743,0.00740,0.5,90061,666,89728,2279203,25.31
HI,m,1980-1989,55,0.00795,0.00791,0.5,89395,708,89041,2189475,24.49
HI,m,1980-1989,56,0.00997,0.00992,0.5,88687,880,88247,2100434,23.68
HI,m,1980-1989,57,0.00974,0.00969,0.5,87807,851,87382,2012187,22.92
HI,m,1980-1989,58,0.01130,0.01123,0.5,86956,977,86468,1924806,22.14
HI,m,1980-1989,59,0.01111,0.01105,0.5,85979,950,85504,1838338,21.38
HI,m,1980-1989,60,0.01271,0.01263,0.5,85029,1074,84492,1752834,20.61
HI,m,1980-1989,61,0.01326,0.01317,0.5,83955,1106,83402,1668342,19.87
HI,m,1980-1989,62,0.01511,0.01500,0.5,82849,1242,82228,1584940,19.13
HI,m,1980-1989,63,0.01706,0.01691,0.5,81607,1380,80917,1502711,18.41
HI,m,1980-1989,64,0.01654,0.01641,0.5,80227,1316,79569,1421794,17.72
HI,m,1980-1989,65,0.01870,0.01852,0.5,78910,1462,78180,1342226,17.01
HI,m,1980-1989,66,0.01977,0.01957,0.5,77449,1516,76691,1264046,16.32
HI,m,1980-1989,67,0.02068,0.02047,0.5,75933,1554,75156,1187355,15.64
HI,m,1980-1989,68,0.02503,0.02472,0.5,74378,1838,73459,1112200,14.95
HI,m,1980-1989,69,0.02496,0.02466,0.5,72540,1789,71646,1038741,14.32
HI,m,1980-1989,70,0.02819,0.02780,0.5,70751,1967,69768,967095,13.67
HI,m,1980-1989,71,0.02874,0.02834,0.5,68785,1949,67810,897327,13.05
HI,m,1980-1989,72,0.03533,0.03472,0.5,66836,2320,65675,829517,12.41
HI,m,1980-1989,73,0.03583,0.03520,0.5,64515,2271,63380,763841,11.84
HI,m,1980-1989,74,0.03933,0.03857,0.5,62244,2401,61044,700462,11.25
HI,m,1980-1989,75,0.03992,0.03914,0.5,59843,2342,58672,639418,10.68
HI,m,1980-1989,76,0.04399,0.04305,0.5,57501,2475,56264,580745,10.10
HI,m,1980-1989,77,0.04864,0.04749,0.5,55026,2613,53720,524481,9.53
HI,m,1980-1989,78,0.05410,0.05268,0.5,52413,2761,51033,470762,8.98
HI,m,1980-1989,79,0.06414,0.06215,0.5,49652,3086,48109,419729,8.45
HI,m,1980-1989,80,0.06870,0.06642,0.5,46566,3093,45020,371619,7.98
HI,m,1980-1989,81,0.07596,0.07318,0.5,43473,3181,41883,326599,7.51
HI,m,1980-1989,82,0.08391,0.08053,0.5,40292,3245,38670,284717,7.07
HI,m,1980-1989,83,0.09261,0.08851,0.5,37047,3279,35408,246047,6.64
HI,m,1980-1989,84,0.10211,0.09715,0.5,33768,3281,32128,210639,6.24
HI,m,1980-1989,85,0.11247,0.10648,0.5,30487,3246,28864,178511,5.86
HI,m,1980-1989,86,0.12373,0.11652,0.5,27241,3174,25654,149647,5.49
HI,m,1980-1989,87,0.13595,0.12730,0.5,24067,3064,22535,123993,5.15
HI,m,1980-1989,88,0.14917,0.13882,0.5,21003,2916,19545,101458,4.83
HI,m,1980-1989,89,0.16343,0.15109,0.5,18088,2733,16721,81913,4.53
HI,m,1980-1989,90,0.17877,0.16410,0.5,15355,2520,14095,65192,4.25
HI,m,1980-1989,91,0.19521,0.17785,0.5,12835,2283,11694,51097,3.98
HI,m,1980-1989,92,0.21277,0.19231,0.5,10552,2029,9538,39403,3.73
HI,m,1980-1989,93,0.23146,0.20745,0.5,8523,1768,7639,29866,3.50
HI,m,1980-1989,94,0.25126,0.22322,0.5,6755,1508,6001,22227,3.29
HI,m,1980-1989,95,0.27216,0.23956,0.5,5247,1257,4619,16226,3.09
HI,m,1980-1989,96,0.29412,0.25641,0.5,3990,1023,3479,11607,2.91
HI,m,1980-1989,97,0.31707,0.27368,0.5,2967,812,2561,8129,2.74
HI,m,1980-1989,98,0.34095,0.29129,0.5,2155,628,1841,5568,2.58
HI,m,1980-1989,99,0.36567,0.30914,0.5,1527,472,1291,3727,2.44
HI,m,1980-1989,100,0.39111,0.32714,0.5,1055,345,883,2435,2.31
HI,m,1980-1989,101,0.41716,0.34517,0.5,710,245,587,1553,2.19
HI,m,1980-1989,102,0.44368,0.36313,0.5,465,169,380,966,2.08
HI,m,1980-1989,103,0.47053,0.38091,0.5,296,113,240,585,1.98
HI,m,1980-1989,104,0.49755,0.39843,0.5,183,73,147,345,1.88
HI,m,1980-1989,105,0.52458,0.41558,0.5,110,46,87,199,1.80
HI,m,1980-1989,106,0.55147,0.43227,0.5,64,28,51,111,1.73
HI,m,1980-1989,107,0.57806,0.44844,0.5,37,16,28,61,1.66
HI,m,1980-1989,108,0.60420,0.46402,0.5,20,9,15,32,1.60
HI,m,1980-1989,109,0.62977,0.47895,0.5,11,5,8,17,1.56
HI,m,1980-1989,110+,0.65462,1.00000,1.53,6,6,9,9,1.53
HI,m,1990-1999,0,0.00780,0.00775,0.07,100000,775,99277,7588293,75.88
HI,m,1990-1999,1,0.00046,0.00046,0.5,99225,46,99203,7489017,75.47
HI,m,1990-1999,2,0.00035,0.00035,0.5,99180,35,99162,7389814,74.51
HI,m,1990-1999,3,0.00031,0.00031,0.5,99145,31,99129,7290652,73.54
HI,m,1990-1999,4,0.00021,0.00021,0.5,99114,20,99104,7191523,72.56
HI,m,1990-1999,5,0.00019,0.00019,0.5,99094,19,99084,7092419,71.57
HI,m,1990-1999,6,0.00014,0.00014,0.5,99075,14,99068,6993335,70.59
HI,m,1990-1999,7,0.00017,0.00017,0.5,99061,17,99053,6894266,69.60
HI,m,1990-1999,8,0.00017,0.00017,0.5,99044,17,99036,6795214,68.61
HI,m,1990-1999,9,0.00020,0.00020,0.5,99027,20,99017,6696178,67.62
HI,m,1990-1999,10,0.00020,0.00020,0.5,99008,20,98998,6597160,66.63
HI,m,1990-1999,11,0.00019,0.00019,0.5,98988,19,98978,6498163,65.65
HI,m,1990-1999,12,0.00028,0.00028,0.5,98969,28,98955,6399184,64.66
HI,m,1990-1999,13,0.00024,0.00024,0.5,98941,24,98929,6300230,63.68
HI,m,1990-1999,14,0.00021,0.00021,0.5,98917,20,98907,6201301,62.69
HI,m,1990-1999,15,0.00040,0.00040,0.5,98897,40,98877,6102394,61.70
HI,m,1990-1999,16,0.00053,0.00053,0.5,98857,52,98831,6003517,60.73
HI,m,1990-1999,17,0.00069,0.00069,0.5,98805,69,98771,5904686,59.76
HI,m,1990-1999,18,0.00104,0.00104,0.5,98736,102,98685,5805916,58.80
HI,m,1990-1999,19,0.00112,0.00112,0.5,98634,111,98579,5707230,57.86
HI,m,1990-1999,20,0.00093,0.00093,0.5,98523,91,98478,5608652,56.93
HI,m,1990-1999,21,0.00102,0.00102,0.5,98432,100,98382,5510174,55.98
HI,m,1990-1999,22,0.00128,0.00127,0.5,98332,125,98269,5411792,55.04
HI,m,1990-1999,23,0.00108,0.00108,0.5,98207,106,98154,5313523,54.11
HI,m,1990-1999,24,0.00107,0.00107,0.5,98101,105,98048,5215369,53.16
HI,m,1990-1999,25,0.00115,0.00115,0.5,97995,113,97939,5117321,52.22
HI,m,1990-1999,26,0.00120,0.00120,0.5,97883,118,97824,5019381,51.28
HI,m,1990-1999,27,0.00114,0.00114,0.5,97765,111,97710,4921557,50.34
HI,m,1990-1999,28,0.00122,0.00122,0.5,97654,119,97594,4823848,49.40
HI,m,1990-1999,29,0.00128,0.00128,0.5,97535,125,97472,4726253,48.46
HI,m,1990-1999,30,0.00115,0.00115,0.5,97410,112,97354,4628781,47.52
HI,m,1990-1999,31,0.00150,0.00150,0.5,97298,146,97225,4531427,46.57
HI,m,1990-1999,32,0.00172,0.00172,0.5,97152,167,97068,4434203,45.64
HI,m,1990-1999,33,0.00177,0.00177,0.5,96984,171,96899,4337135,44.72
HI,m,1990-1999,34,0.00180,0.00180,0.5,96813,174,96726,4240236,43.80
HI,m,1990-1999,35,0.00199,0.00199,0.5,96639,192,96543,4143510,42.88
HI,m,1990-1999,36,0.00206,0.00206,0.5,96447,199,96347,4046968,41.96
HI,m,1990-1999,37,0.00227,0.00227,0.5,96248,218,96139,3950620,41.05
HI,m,1990-1999,38,0.00211,0.00211,0.5,96029,202,95928,3854481,40.14
HI,m,1990-1999,39,0.00231,0.00231,0.5,95827,221,95717,3758553,39.22
HI,m,1990-1999,40,0.00224,0.00224,0.5,95606,214,95499,3662837,38.31
HI,m,1990-1999,41,0.00270,0.00270,0.5,95392,258,95263,3567338,37.40
HI,m,1990-1999,42,0.00287,0.00286,0.5,95134,272,94998,3472075,36.50
HI,m,1990-1999,43,0.00315,0.00314,0.5,94862,298,94713,3377077,35.60
HI,m,1990-1999,44,0.00362,0.00362,0.5,94564,342,94393,3282364,34.71
HI,m,1990-1999,45,0.00330,0.00329,0.5,94222,310,94067,3187971,33.83
HI,m,1990-1999,46,0.00367,0.00366,0.5,93912,344,93740,3093905,32.94
HI,m,1990-1999,47,0.00398,0.00397,0.5,93568,372,93382,3000165,32.06
HI,m,1990-1999,48,0.00418,0.00417,0.5,93196,389,93002,2906783,31.19
HI,m,1990-1999,49,0.00492,0.00490,0.5,92807,455,92579,2813782,30.32
HI,m,1990-1999,50,0.00493,0.00492,0.5,92352,454,92125,2721202,29.47
HI,m,1990-1999,51,0.00579,0.00577,0.5,91897,531,91632,2629077,28.61
HI,m,1990-1999,52,0.00581,0.00579,0.5,91367,529,91102,2537445,27.77
HI,m,1990-1999,53,0.00626,0.00624,0.5,90837,567,90554,2446343,26.93
HI,m,1990-1999,54,0.00607,0.00605,0.5,90271,546,89997,2355789,26.10
HI,m,1990-1999,55,0.00780,0.00777,0.5,89724,697,89376,2265791,25.25
HI,m,1990-1999,56,0.00878,0.00874,0.5,89027,778,88638,2176416,24.45
HI,m,1990-1999,57,0.00914,0.00910,0.5,88249,803,87847,2087778,23.66
HI,m,1990-1999,58,0.01002,0.00997,0.5,87446,872,87010,1999930,22.87
HI,m,1990-1999,59,0.01067,0.01061,0.5,86574,919,86115,1912921,22.10
HI,m,1990-1999,60,0.01102,0.01096,0.5,85655,939,85186,1826806,21.33
HI,m,1990-1999,61,0.01292,0.01283,0.5,84716,1087,84173,1741620,20.56
HI,m,1990-1999,62,0.01347,0.01338,0.5,83629,1119,83070,1657448,19.82
HI,m,1990-1999,63,0.01314,0.01305,0.5,82510,1077,81972,1574378,19.08
HI,m,1990-1999,64,0.01537,0.01525,0.5,81433,1242,80812,1492406,18.33
HI,m,1990-1999,65,0.01806,0.01790,0.5,80192,1435,79474,1411594,17.60
HI,m,1990-1999,66,0.01768,0.01752,0.5,78756,1380,78066,1332120,16.91
HI,m,1990-1999,67,0.01977,0.01958,0.5,77376,1515,76619,1254053,16.21
HI,m,1990-1999,68,0.02203,0.02179,0.5,75861,1653,75035,1177435,15.52
HI,m,1990-1999,69,0.02244,0.02220,0.5,74208,1647,73385,1102400,14.86
HI,m,1990-1999,70,0.02449,0.02420,0.5,72561,1756,71684,1029015,14.18
HI,m,1990-1999,71,0.02777,0.02739,0.5,70806,1939,69836,957331,13.52
HI,m,1990-1999,72,0.03221,0.03170,0.5,68867,2183,67775,887495,12.89
HI,m,1990-1999,73,0.03242,0.03190,0.5,66684,2127,65620,819720,12.29
HI,m,1990-1999,74,0.03476,0.03417,0.5,64557,2206,63454,754100,11.68
HI,m,1990-1999,75,0.03665,0.03599,0.5,62351,2244,61229,690646,11.08
HI,m,1990-1999,76,0.04234,0.04146,0.5,60106,2492,58860,629418,10.47
HI,m,1990-1999,77,0.04473,0.04375,0.5,57614,2520,56354,570557,9.90
HI,m,1990-1999,78,0.04716,0.04607,0.5,55094,2538,53825,514203,9.33
HI,m,1990-1999,79,0.05769,0.05608,0.5,52556,2947,51082,460379,8.76
HI,m,1990-1999,80,0.06329,0.06134,0.5,49609,3043,48087,409296,8.25
HI,m,1990-1999,81,0.07033,0.06794,0.5,46565,3164,44984,361209,7.76
HI,m,1990-1999,82,0.07809,0.07515,0.5,43402,3262,41771,316226,7.29
HI,m,1990-1999,83,0.08662,0.08303,0.5,40140,3333,38474,274455,6.84
HI,m,1990-1999,84,0.09600,0.09160,0.5,36807,3372,35121,235981,6.41
HI,m,1990-1999,85,0.10627,0.10090,0.5,33436,3374,31749,200860,6.01
HI,m,1990-1999,86,0.11749,0.11097,0.5,30062,3336,28394,169111,5.63
HI,m,1990-1999,87,0.12973,0.12183,0.5,26726,3256,25098,140717,5.27
HI,m,1990-1999,88,0.14303,0.13349,0.5,23470,3133,21903,115620,4.93
HI,m,1990-1999,89,0.15746,0.14597,0.5,20337,2969,18853,93716,4.61
HI,m,1990-1999,90,0.17304,0.15926,0.5,17368,2766,15985,74863,4.31
HI,m,1990-1999,91,0.18982,0.17337,0.5,14602,2532,13336,58878,4.03
HI,m,1990-1999,92,0.20782,0.18826,0.5,12071,2272,10934,45542,3.77
HI,m,1990-1999,93,0.22705,0.20390,0.5,9798,1998,8799,34607,3.53
HI,m,1990-1999,94,0.24750,0.22024,0.5,7800,1718,6941,25808,3.31
HI,m,1990-1999,95,0.26915,0.23722,0.5,6082,1443,5361,18866,3.10
HI,m,1990-1999,96,0.29196,0.25477,0.5,4640,1182,4049,13506,2.91
HI,m,1990-1999,97,0.31586,0.27278,0.5,3458,943,2986,9457,2.74
HI,m,1990-1999,98,0.34079,0.29117,0.5,2514,732,2148,6471,2.57
HI,m,1990-1999,99,0.36662,0.30983,0.5,1782,552,1506,4323,2.43
HI,m,1990-1999,100,0.39324,0.32863,0.5,1230,404,1028,2817,2.29
HI,m,1990-1999,101,0.42052,0.34746,0.5,826,287,682,1789,2.17
HI,m,1990-1999,102,0.44829,0.36621,0.5,539,197,440,1106,2.05
HI,m,1990-1999,103,0.47638,0.38474,0.5,342,131,276,666,1.95
HI,m,1990-1999,104,0.50463,0.40296,0.5,210,85,168,390,1.86
HI,m,1990-1999,105,0.53284,0.42075,0.5,125,53,99,222,1.77
HI,m,1990-1999,106,0.56085,0.43802,0.5,73,32,57,123,1.70
HI,m,1990-1999,107,0.58847,0.45469,0.5,41,19,32,67,1.63
HI,m,1990-1999,108,0.61555,0.47069,0.5,22,10,17,35,1.57
HI,m,1990-1999,109,0.64193,0.48596,0.5,12,6,9,18,1.53
HI,m,1990-1999,110+,0.66748,1.00000,1.5,6,6,9,9,1.50
HI,m,2000-2009,0,0.00759,0.00753,0.07,100000,753,99296,7738222,77.38
HI,m,2000-2009,1,0.00063,0.00063,0.5,99247,62,99216,7638926,76.97
HI,m,2000-2009,2,0.00024,0.00024,0.5,99184,24,99173,7539710,76.02
HI,m,2000-2009,3,0.00026,0.00026,0.5,99161,26,99148,7440538,75.04
HI,m,2000-2009,4,0.00019,0.00019,0.5,99135,19,99125,7341390,74.05
HI,m,2000-2009,5,0.00011,0.00011,0.5,99115,11,99110,7242265,73.07
HI,m,2000-2009,6,0.00010,0.00010,0.5,99104,10,99099,7143156,72.08
HI,m,2000-2009,7,0.00010,0.00010,0.5,99094,10,99089,7044057,71.08
HI,m,2000-2009,8,0.00010,0.00010,0.5,99084,10,99079,6944967,70.09
HI,m,2000-2009,9,0.00019,0.00019,0.5,99075,19,99065,6845888,69.10
HI,m,2000-2009,10,0.00013,0.00013,0.5,99056,13,99050,6746823,68.11
HI,m,2000-2009,11,0.00018,0.00018,0.5,99043,18,99034,6647773,67.12
HI,m,2000-2009,12,0.00014,0.00014,0.5,99025,14,99018,6548739,66.13
HI,m,2000-2009,13,0.00016,0.00016,0.5,99011,16,99004,6449721,65.14
HI,m,2000-2009,14,0.00026,0.00026,0.5,98996,26,98983,6350717,64.15
HI,m,2000-2009,15,0.00035,0.00035,0.5,98970,35,98952,6251734,63.17
HI,m,2000-2009,16,0.00045,0.00045,0.5,98935,44,98913,6152782,62.19
HI,m,2000-2009,17,0.00061,0.00061,0.5,98890,60,98860,6053870,61.22
HI,m,2000-2009,18,0.00073,0.00073,0.5,98830,72,98794,5955009,60.25
HI,m,2000-2009,19,0.00100,0.00100,0.5,98759,98,98709,5856215,59.30
HI,m,2000-2009,20,0.00074,0.00074,0.5,98660,73,98624,5757506,58.36
HI,m,2000-2009,21,0.00105,0.00105,0.5,98588,104,98536,5658882,57.40
HI,m,2000-2009,22,0.00081,0.00081,0.5,98484,80,98444,5560346,56.46
HI,m,2000-2009,23,0.00103,0.00103,0.5,98404,101,98353,5461902,55.51
HI,m,2000-2009,24,0.00079,0.00079,0.5,98303,78,98264,5363549,54.56
HI,m,2000-2009,25,0.00072,0.00072,0.5,98225,71,98190,5265285,53.60
HI,m,2000-2009,26,0.00099,0.00098,0.5,98154,97,98106,5167096,52.64
HI,m,2000-2009,27,0.00101,0.00101,0.5,98058,99,98008,5068990,51.69
HI,m,2000-2009,28,0.00105,0.00105,0.5,97958,103,97907,4970982,50.75
HI,m,2000-2009,29,0.00094,0.00094,0.5,97856,92,97810,4873075,49.80
HI,m,2000-2009,30,0.00106,0.00106,0.5,97763,104,97712,4775265,48.85
HI,m,2000-2009,31,0.00135,0.00135,0.5,97660,131,97594,4677554,47.90
HI,m,2000-2009,32,0.00098,0.00098,0.5,97528,96,97480,4579960,46.96
HI,m,2000-2009,33,0.00163,0.00163,0.5,97432,159,97353,4482479,46.01
HI,m,2000-2009,34,0.00134,0.00134,0.5,97274,131,97209,4385126,45.08
HI,m,2000-2009,35,0.00148,0.00148,0.5,97143,143,97072,4287917,44.14
HI,m,2000-2009,36,0.00153,0.00153,0.5,97000,148,96926,4190846,43.20
HI,m,2000-2009,37,0.00157,0.00157,0.5,96852,152,96776,4093920,42.27
HI,m,2000-2009,38,0.00189,0.00189,0.5,96700,183,96609,3997144,41.34
HI,m,2000-2009,39,0.00193,0.00193,0.5,96517,186,96424,3900536,40.41
HI,m,2000-2009,40,0.00175,0.00175,0.5,96331,169,96247,3804112,39.49
HI,m,2000-2009,41,0.00227,0.00227,0.5,96162,218,96053,3707865,38.56
HI,m,2000-2009,42,0.00250,0.00250,0.5,95944,239,95824,3611812,37.65
HI,m,2000-2009,43,0.00285,0.00284,0.5,95704,272,95568,3515987,36.74
HI,m,2000-2009,44,0.00303,0.00302,0.5,95432,288,95288,3420419,35.84
HI,m,2000-2009,45,0.00353,0.00353,0.5,95144,336,94976,3325131,34.95
HI,m,2000-2009,46,0.00357,0.00357,0.5,94808,338,94639,3230155,34.07
HI,m,2000-2009,47,0.00441,0.00440,0.5,94470,415,94263,3135516,33.19
HI,m,2000-2009,48,0.00410,0.00409,0.5,94055,384,93863,3041253,32.33
HI,m,2000-2009,49,0.00469,0.00468,0.5,93670,438,93451,2947390,31.47
HI,m,2000-2009,50,0.00484,0.00482,0.5,93232,450,93007,2853939,30.61
HI,m,2000-2009,51,0.00482,0.00481,0.5,92783,446,92560,2760932,29.76
HI,m,2000-2009,52,0.00632,0.00630,0.5,92337,582,92046,2668372,28.90
HI,m,2000-2009,53,0.00572,0.00571,0.5,91755,524,91493,2576326,28.08
HI,m,2000-2009,54,0.00564,0.00562,0.5,91231,513,90975,2484833,27.24
HI,m,2000-2009,55,0.00647,0.00645,0.5,90718,585,90426,2393858,26.39
HI,m,2000-2009,56,0.00734,0.00731,0.5,90133,659,89804,2303432,25.56
HI,m,2000-2009,57,0.00773,0.00770,0.5,89475,689,89130,2213628,24.74
HI,m,2000-2009,58,0.00867,0.00863,0.5,88786,766,88403,2124498,23.93
HI,m,2000-2009,59,0.00912,0.00908,0.5,88020,799,87620,2036095,23.13
HI,m,2000-2009,60,0.00987,0.00982,0.5,87221,857,86792,1948475,22.34
HI,m,2000-2009,61,0.01091,0.01085,0.5,86364,937,85895,1861683,21.56
HI,m,2000-2009,62,0.01122,0.01115,0.5,85427,953,84950,1775787,20.79
HI,m,2000-2009,63,0.01176,0.01169,0.5,84474,988,83980,1690837,20.02
HI,m,2000-2009,64,0.01394,0.01385,0.5,83486,1156,82908,1606857,19.25
HI,m,2000-2009,65,0.01491,0.01480,0.5,82330,1218,81721,1523949,18.51
HI,m,2000-2009,66,0.01569,0.01557,0.5,81112,1263,80481,1442228,17.78
HI,m,2000-2009,67,0.01742,0.01727,0.5,79849,1379,79160,1361747,17.05
HI,m,2000-2009,68,0.01832,0.01815,0.5,78470,1424,77758,1282587,16.34
HI,m,2000-2009,69,0.02047,0.02026,0.5,77046,1561,76265,1204829,15.64
HI,m,2000-2009,70,0.02071,0.02049,0.5,75485,1547,74711,1128564,14.95
HI,m,2000-2009,71,0.02412,0.02383,0.5,73938,1762,73057,1053853,14.25
HI,m,2000-2009,72,0.02449,0.02419,0.5,72176,1746,71303,980796,13.59
HI,m,2000-2009,73,0.02757,0.02719,0.5,70430,1915,69472,909493,12.91
HI,m,2000-2009,74,0.02955,0.02912,0.5,68514,1995,67517,840021,12.26
HI,m,2000-2009,75,0.03260,0.03208,0.5,66520,2134,65453,772504,11.61
HI,m,2000-2009,76,0.03601,0.03537,0.5,64386,2278,63247,707052,10.98
HI,m,2000-2009,77,0.04042,0.03962,0.5,62108,2461,60878,643805,10.37
HI,m,2000-2009,78,0.04630,0.04525,0.5,59648,2699,58298,582927,9.77
HI,m,2000-2009,79,0.04782,0.04670,0.5,56948,2660,55619,524629,9.21
HI,m,2000-2009,80,0.05387,0.05245,0.5,54289,2848,52865,469010,8.64
HI,m,2000-2009,81,0.06074,0.05895,0.5,51441,3033,49925,416145,8.09
HI,m,2000-2009,82,0.06844,0.06617,0.5,48408,3203,46807,366220,7.57
HI,m,2000-2009,83,0.07703,0.07417,0.5,45205,3353,43529,319414,7.07
HI,m,2000-2009,84,0.08659,0.08300,0.5,41852,3474,40115,275885,6.59
HI,m,2000-2009,85,0.09722,0.09272,0.5,38378,3558,36599,235770,6.14
HI,m,2000-2009,86,0.10900,0.10337,0.5,34820,3599,33021,199170,5.72
HI,m,2000-2009,87,0.12201,0.11500,0.5,31221,3590,29426,166150,5.32
HI,m,2000-2009,88,0.13634,0.12764,0.5,27631,3527,25867,136724,4.95
HI,m,2000-2009,89,0.15206,0.14132,0.5,24104,3406,22401,110857,4.60
HI,m,2000-2009,90,0.16924,0.15603,0.5,20698,3230,19083,88456,4.27
HI,m,2000-2009,91,0.18792,0.17178,0.5,17468,3001,15968,69373,3.97
HI,m,2000-2009,92,0.20815,0.18853,0.5,14467,2728,13104,53405,3.69
HI,m,2000-2009,93,0.22995,0.20624,0.5,11740,2421,10529,40302,3.43
HI,m,2000-2009,94,0.25330,0.22482,0.5,9319,2095,8271,29773,3.19
HI,m,2000-2009,95,0.27816,0.24419,0.5,7224,1764,6342,21501,2.98
HI,m,2000-2009,96,0.30446,0.26424,0.5,5460,1443,4738,15160,2.78
HI,m,2000-2009,97,0.33211,0.28481,0.5,4017,1144,3445,10422,2.59
HI,m,2000-2009,98,0.36097,0.30578,0.5,2873,878,2434,6977,2.43
HI,m,2000-2009,99,0.39086,0.32696,0.5,1994,652,1668,4543,2.28
HI,m,2000-2009,100,0.42160,0.34820,0.5,1342,467,1109,2874,2.14
HI,m,2000-2009,101,0.45296,0.36932,0.5,875,323,713,1766,2.02
HI,m,2000-2009,102,0.48469,0.39014,0.5,552,215,444,1052,1.91
HI,m,2000-2009,103,0.51655,0.41053,0.5,337,138,267,608,1.81
HI,m,2000-2009,104,0.54828,0.43031,0.5,198,85,156,341,1.72
HI,m,2000-2009,105,0.57962,0.44938,0.5,113,51,88,185,1.64
HI,m,2000-2009,106,0.61033,0.46763,0.5,62,29,48,98,1.57
HI,m,2000-2009,107,0.64019,0.48496,0.5,33,16,25,50,1.51
HI,m,2000-2009,108,0.66900,0.50131,0.5,17,9,13,25,1.45
HI,m,2000-2009,109,0.69660,0.51665,0.5,9,4,6,12,1.41
HI,m,2000-2009,110+,0.72285,1.00000,1.38,4,4,6,6,1.38
HI,m,2010-2019,0,0.00627,0.00623,0.06,100000,623,99416,7870057,78.70
HI,m,2010-2019,1,0.00044,0.00044,0.5,99377,43,99355,7770641,78.19
HI,m,2010-2019,2,0.00019,0.00019,0.5,99334,19,99324,7671286,77.23
HI,m,2010-2019,3,0.00020,0.00020,0.5,99315,20,99305,7571961,76.24
HI,m,2010-2019,4,0.00017,0.00017,0.5,99294,17,99286,7472657,75.26
HI,m,2010-2019,5,0.00008,0.00008,0.5,99277,8,99273,7373371,74.27
HI,m,2010-2019,6,0.00013,0.00013,0.5,99270,13,99263,7274097,73.28
HI,m,2010-2019,7,0.00012,0.00012,0.5,99256,12,99250,7174834,72.29
HI,m,2010-2019,8,0.00009,0.00009,0.5,99244,9,99239,7075584,71.29
HI,m,2010-2019,9,0.00013,0.00013,0.5,99235,13,99229,6976345,70.30
HI,m,2010-2019,10,0.00013,0.00013,0.5,99222,13,99216,6877116,69.31
HI,m,2010-2019,11,0.00015,0.00015,0.5,99209,15,99202,6777901,68.32
HI,m,2010-2019,12,0.00016,0.00016,0.5,99194,15,99186,6678699,67.33
HI,m,2010-2019,13,0.00015,0.00015,0.5,99178,14,99171,6579513,66.34
HI,m,2010-2019,14,0.00024,0.00024,0.5,99164,24,99152,6480342,65.35
HI,m,2010-2019,15,0.00024,0.00024,0.5,99140,24,99128,6381190,64.37
HI,m,2010-2019,16,0.00047,0.00047,0.5,99116,46,99093,6282062,63.38
HI,m,2010-2019,17,0.00050,0.00050,0.5,99069,50,99045,6182969,62.41
HI,m,2010-2019,18,0.00073,0.00073,0.5,99020,72,98984,6083925,61.44
HI,m,2010-2019,19,0.00083,0.00083,0.5,98947,82,98906,5984941,60.49
HI,m,2010-2019,20,0.00096,0.00096,0.5,98865,95,98818,5886035,59.54
HI,m,2010-2019,21,0.00095,0.00095,0.5,98770,94,98723,5787217,58.59
HI,m,2010-2019,22,0.00080,0.00080,0.5,98676,79,98637,5688493,57.65
HI,m,2010-2019,23,0.00103,0.00103,0.5,98597,101,98547,5589856,56.69
HI,m,2010-2019,24,0.00092,0.00092,0.5,98496,90,98451,5491310,55.75
HI,m,2010-2019,25,0.00091,0.00091,0.5,98406,89,98361,5392859,54.80
HI,m,2010-2019,26,0.00120,0.00120,0.5,98317,118,98257,5294497,53.85
HI,m,2010-2019,27,0.00096,0.00096,0.5,98198,94,98151,5196240,52.92
HI,m,2010-2019,28,0.00119,0.00119,0.5,98104,116,98046,5098089,51.97
HI,m,2010-2019,29,0.00106,0.00106,0.5,97988,104,97936,5000043,51.03
HI,m,2010-2019,30,0.00118,0.00118,0.5,97884,116,97826,4902107,50.08
HI,m,2010-2019,31,0.00125,0.00125,0.5,97768,122,97707,4804280,49.14
HI,m,2010-2019,32,0.00133,0.00133,0.5,97646,130,97582,4706573,48.20
HI,m,2010-2019,33,0.00126,0.00126,0.5,97517,123,97455,4608992,47.26
HI,m,2010-2019,34,0.00127,0.00127,0.5,97394,123,97332,4511536,46.32
HI,m,2010-2019,35,0.00145,0.00145,0.5,97270,141,97200,4414204,45.38
HI,m,2010-2019,36,0.00179,0.00178,0.5,97129,173,97043,4317004,44.45
HI,m,2010-2019,37,0.00188,0.00188,0.5,96956,182,96865,4219962,43.52
HI,m,2010-2019,38,0.00184,0.00184,0.5,96774,178,96685,4123097,42.61
HI,m,2010-2019,39,0.00205,0.00205,0.5,96595,198,96496,4026412,41.68
HI,m,2010-2019,40,0.00201,0.00201,0.5,96397,194,96300,3929916,40.77
HI,m,2010-2019,41,0.00224,0.00224,0.5,96204,215,96096,3833616,39.85
HI,m,2010-2019,42,0.00229,0.00229,0.5,95988,220,95878,3737520,38.94
HI,m,2010-2019,43,0.00251,0.00251,0.5,95769,240,95648,3641641,38.03
HI,m,2010-2019,44,0.00249,0.00249,0.5,95528,238,95409,3545993,37.12
HI,m,2010-2019,45,0.00282,0.00282,0.5,95290,269,95156,3450584,36.21
HI,m,2010-2019,46,0.00329,0.00329,0.5,95022,312,94866,3355428,35.31
HI,m,2010-2019,47,0.00365,0.00364,0.5,94710,345,94537,3260562,34.43
HI,m,2010-2019,48,0.00434,0.00433,0.5,94365,409,94160,3166025,33.55
HI,m,2010-2019,49,0.00412,0.00412,0.5,93956,387,93762,3071865,32.69
HI,m,2010-2019,50,0.00431,0.00430,0.5,93569,402,93368,2978102,31.83
HI,m,2010-2019,51,0.00508,0.00506,0.5,93167,472,92931,2884734,30.96
HI,m,2010-2019,52,0.00538,0.00536,0.5,92695,497,92447,2791803,30.12
HI,m,2010-2019,53,0.00585,0.00584,0.5,92198,538,91929,2699357,29.28
HI,m,2010-2019,54,0.00693,0.00691,0.5,91660,633,91343,2607428,28.45
HI,m,2010-2019,55,0.00705,0.00703,0.5,91027,640,90707,2516084,27.64
HI,m,2010-2019,56,0.00737,0.00734,0.5,90387,664,90055,2425377,26.83
HI,m,2010-2019,57,0.00766,0.00763,0.5,89724,685,89381,2335322,26.03
HI,m,2010-2019,58,0.00863,0.00860,0.5,89039,765,88656,2245941,25.22
HI,m,2010-2019,59,0.00935,0.00931,0.5,88273,822,87862,2157285,24.44
HI,m,2010-2019,60,0.01034,0.01029,0.5,87451,900,87002,2069423,23.66
HI,m,2010-2019,61,0.01106,0.01100,0.5,86552,952,86076,1982421,22.90
HI,m,2010-2019,62,0.01105,0.01099,0.5,85600,941,85129,1896345,22.15
HI,m,2010-2019,63,0.01177,0.01170,0.5,84659,991,84164,1811216,21.39
HI,m,2010-2019,64,0.01290,0.01282,0.5,83668,1073,83132,1727052,20.64
HI,m,2010-2019,65,0.01308,0.01299,0.5,82596,1073,82059,1643920,19.90
HI,m,2010-2019,66,0.01445,0.01435,0.5,81523,1170,80938,1561861,19.16
HI,m,2010-2019,67,0.01530,0.01518,0.5,80353,1220,79743,1480924,18.43
HI,m,2010-2019,68,0.01570,0.01558,0.5,79133,1233,78517,1401181,17.71
HI,m,2010-2019,69,0.01805,0.01789,0.5,77900,1394,77203,1322664,16.98
HI,m,2010-2019,70,0.01881,0.01863,0.5,76506,1425,75794,1245461,16.28
HI,m,2010-2019,71,0.01998,0.01979,0.5,75081,1486,74338,1169667,15.58
HI,m,2010-2019,72,0.02216,0.02192,0.5,73595,1613,72789,1095329,14.88
HI,m,2010-2019,73,0.02356,0.02329,0.5,71982,1676,71144,1022541,14.21
HI,m,2010-2019,74,0.02634,0.02600,0.5,70306,1828,69392,951397,13.53
HI,m,2010-2019,75,0.02875,0.02834,0.5,68478,1941,67508,882005,12.88
HI,m,2010-2019,76,0.03042,0.02997,0.5,66537,1994,65540,814497,12.24
HI,m,2010-2019,77,0.03423,0.03366,0.5,64543,2172,63457,748956,11.60
HI,m,2010-2019,78,0.03774,0.03704,0.5,62371,2310,61216,685499,10.99
HI,m,2010-2019,79,0.04264,0.04175,0.5,60061,2507,58807,624283,10.39
HI,m,2010-2019,80,0.04027,0.03947,0.5,57554,2272,56418,565476,9.83
HI,m,2010-2019,81,0.04580,0.04477,0.5,55282,2475,54044,509058,9.21
HI,m,2010-2019,82,0.05205,0.05073,0.5,52807,2679,51467,455014,8.62
HI,m,2010-2019,83,0.05910,0.05741,0.5,50128,2878,48689,403547,8.05
HI,m,2010-2019,84,0.06704,0.06487,0.5,47250,3065,45717,354858,7.51
HI,m,2010-2019,85,0.07596,0.07318,0.5,44185,3234,42568,309141,7.00
HI,m,2010-2019,86,0.08596,0.08242,0.5,40951,3375,39264,266573,6.51
HI,m,2010-2019,87,0.09714,0.09264,0.5,37576,3481,35836,227309,6.05
HI,m,2010-2019,88,0.10959,0.10390,0.5,34095,3542,32324,191473,5.62
HI,m,2010-2019,89,0.12342,0.11625,0.5,30553,3552,28777,159150,5.21
HI,m,2010-2019,90,0.13873,0.12973,0.5,27001,3503,25249,130373,4.83
HI,m,2010-2019,91,0.15560,0.14437,0.5,23498,3392,21802,105123,4.47
HI,m,2010-2019,92,0.17410,0.16016,0.5,20106,3220,18496,83322,4.14
HI,m,2010-2019,93,0.19430,0.17710,0.5,16885,2990,15390,64826,3.84
HI,m,2010-2019,94,0.21623,0.19513,0.5,13895,2711,12539,49436,3.56
HI,m,2010-2019,95,0.23990,0.21420,0.5,11184,2396,9986,36896,3.30
HI,m,2010-2019,96,0.26528,0.23421,0.5,8788,2058,7759,26911,3.06
HI,m,2010-2019,97,0.29231,0.25503,0.5,6730,1716,5872,19152,2.85
HI,m,2010-2019,98,0.32089,0.27653,0.5,5013,1386,4320,13280,2.65
HI,m,2010-2019,99,0.35089,0.29851,0.5,3627,1083,3086,8960,2.47
HI,m,2010-2019,100,0.38210,0.32081,0.5,2544,816,2136,5874,2.31
HI,m,2010-2019,101,0.41433,0.34322,0.5,1728,593,1432,3738,2.16
HI,m,2010-2019,102,0.44730,0.36555,0.5,1135,415,928,2306,2.03
HI,m,2010-2019,103,0.48075,0.38758,0.5,720,279,581,1378,1.91
HI,m,2010-2019,104,0.51436,0.40914,0.5,441,180,351,798,1.81
HI,m,2010-2019,105,0.54785,0.43005,0.5,261,112,205,447,1.72
HI,m,2010-2019,106,0.58091,0.45016,0.5,149,67,115,243,1.63
HI,m,2010-2019,107,0.61326,0.46935,0.5,82,38,62,128,1.56
HI,m,2010-2019,108,0.64464,0.48751,0.5,43,21,33,65,1.50
HI,m,2010-2019,109,0.67483,0.50458,0.5,22,11,17,32,1.45
HI,m,2010-2019,110+,0.70363,1.00000,1.42,11,11,16,16,1.42
